-- MySQL dump 10.13  Distrib 8.0.30, for macos12 (arm64)
--
-- Host: localhost    Database: info
-- ------------------------------------------------------
-- Server version	8.0.30

/*!40101 SET @OLD_CHARACTER_SET_CLIENT=@@CHARACTER_SET_CLIENT */;
/*!40101 SET @OLD_CHARACTER_SET_RESULTS=@@CHARACTER_SET_RESULTS */;
/*!40101 SET @OLD_COLLATION_CONNECTION=@@COLLATION_CONNECTION */;
/*!50503 SET NAMES utf8mb4 */;
/*!40103 SET @OLD_TIME_ZONE=@@TIME_ZONE */;
/*!40103 SET TIME_ZONE='+00:00' */;
/*!40014 SET @OLD_UNIQUE_CHECKS=@@UNIQUE_CHECKS, UNIQUE_CHECKS=0 */;
/*!40014 SET @OLD_FOREIGN_KEY_CHECKS=@@FOREIGN_KEY_CHECKS, FOREIGN_KEY_CHECKS=0 */;
/*!40101 SET @OLD_SQL_MODE=@@SQL_MODE, SQL_MODE='NO_AUTO_VALUE_ON_ZERO' */;
/*!40111 SET @OLD_SQL_NOTES=@@SQL_NOTES, SQL_NOTES=0 */;

--
-- Table structure for table `Chords`
--

DROP TABLE IF EXISTS `Chords`;
/*!40101 SET @saved_cs_client     = @@character_set_client */;
/*!50503 SET character_set_client = utf8mb4 */;
CREATE TABLE `Chords` (
  `id` int NOT NULL AUTO_INCREMENT,
  `measure_id` int NOT NULL,
  `low_e_string` varchar(10) DEFAULT NULL,
  `a_string` varchar(10) DEFAULT NULL,
  `d_string` varchar(10) DEFAULT NULL,
  `g_string` varchar(10) DEFAULT NULL,
  `b_string` varchar(10) DEFAULT NULL,
  `high_e_string` varchar(10) DEFAULT NULL,
  `duration` int DEFAULT NULL,
  `chord_number` int DEFAULT NULL,
  PRIMARY KEY (`id`),
  KEY `measure_id` (`measure_id`),
  CONSTRAINT `chords_ibfk_1` FOREIGN KEY (`measure_id`) REFERENCES `Measures` (`id`)
) ENGINE=InnoDB AUTO_INCREMENT=500 DEFAULT CHARSET=utf8mb4 COLLATE=utf8mb4_0900_ai_ci;
/*!40101 SET character_set_client = @saved_cs_client */;

--
-- Dumping data for table `Chords`
--

LOCK TABLES `Chords` WRITE;
/*!40000 ALTER TABLE `Chords` DISABLE KEYS */;
INSERT INTO `Chords` VALUES (6,9,'1','3','3','2','2','1',1,0),(7,9,'5','1','3','3','3','2',16,1),(8,10,'2','4','4','2','2','2',16,0),(9,10,'2','4','4','3','2','2',2,1),(10,11,'0','2','2','1','3','0',2,0),(11,11,'5','5','7','8','9','11',2,1),(12,12,'7','1','3','3','6','7',4,0),(13,13,'7','2','4','4','4','2',2,0),(14,13,'7','2','4','4','4','2',2,1),(17,15,'1','1','1','1','1','1',16,0),(18,15,'0','2','2','1','0','0',1,1),(19,15,'2','1','1','1','1','1',1,2),(20,15,'0','0','2','2','2','0',1,3),(21,16,'11','6','8','8','8','6',4,0),(22,17,'-1','-1','-1','-1','-1','-1',NULL,NULL),(23,18,'-1','-1','-1','-1','-1','-1',NULL,NULL),(24,19,'-1','-1','-1','-1','-1','-1',NULL,NULL),(25,20,'-1','-1','-1','-1','-1','-1',NULL,NULL),(26,21,'-1','-1','-1','-1','-1','-1',NULL,NULL),(27,22,'-1','-1','-1','-1','-1','-1',NULL,NULL),(28,23,'-1','-1','-1','-1','-1','-1',NULL,NULL),(29,24,'-1','-1','-1','-1','-1','-1',NULL,NULL),(30,25,'-1','-1','-1','-1','-1','-1',4,0),(31,26,'-1','-1','-1','-1','-1','-1',4,0),(32,27,'-1','-1','-1','-1','-1','-1',4,0),(33,28,'-1','-1','-1','-1','-1','-1',4,0),(34,29,'-1','-1','-1','-1','-1','-1',4,0),(35,30,'-1','-1','-1','-1','-1','-1',4,0),(36,31,'-1','-1','-1','-1','-1','-1',4,0),(37,32,'-1','-1','-1','-1','-1','-1',4,0),(38,33,'-1','-1','-1','-1','-1','-1',4,0),(39,34,'-1','-1','-1','-1','-1','-1',4,0),(40,35,'-1','-1','-1','-1','-1','-1',4,0),(41,36,'-1','-1','-1','-1','-1','-1',4,0),(42,37,'-1','-1','-1','-1','-1','-1',4,0),(43,38,'0','-1','-1','-1','-1','-1',4,0),(44,39,'3','2','1','0','12','11',4,0),(45,40,'4','4','5','5','6','6',4,0),(46,41,'6','8','11','9','6','8',4,0),(47,42,'4','4','4','4','4','5',4,0),(48,43,'8','8','8','8','8','7',4,0),(49,44,'0','2','3','1','2','4',4,0),(50,45,'0','2','2','1','0','0',4,0),(51,46,'12','12','0','0','6','6',4,0),(52,47,'5','5','4','4','3','3',1,0),(53,48,'0','2','2','1','0','0',16,0),(100,49,'2','4','4','3','2','2',16,0),(101,50,'7','-1','-1','-1','-1','-1',4,0),(102,51,'-1','-1','-1','-1','-1','-1',4,0),(103,52,'-1','-1','-1','-1','-1','-1',4,0),(104,49,'-1','-1','-1','-1','-1','-1',2,1),(105,49,'-1','-1','-1','-1','-1','-1',1,2),(106,49,'-1','-1','-1','-1','-1','-1',8,3),(107,49,'1','3','3','-1','-1','-1',16,4),(108,53,'-1','-1','-1','-1','-1','-1',4,0),(109,54,'1','3','3','2','1','1',16,0),(110,55,'6','7','8','9','10','11',1,0),(111,54,'8','10','10','9','8','8',2,1),(112,54,'-1','-1','-1','-1','-1','-1',1,2),(113,54,'-1','-1','-1','-1','-1','-1',8,3),(114,54,'-1','-1','-1','-1','-1','-1',16,4),(115,55,'7','-1','-1','-1','-1','-1',2,1),(116,55,'12','-1','-1','-1','-1','-1',1,2),(117,56,'2','2','2','4','4','4',8,0),(118,57,'4','4','-1','-1','-1','-1',1,0),(119,58,'4','6','6','-1','-1','-1',8,0),(120,59,'6','-1','-1','-1','-1','-1',16,0),(121,60,'5','-1','-1','-1','-1','-1',8,0),(122,60,'-1','-1','-1','-1','-1','5',8,0),(123,61,'4','-1','-1','-1','-1','-1',8,0),(124,62,'5','-1','-1','-1','-1','-1',1,0),(125,63,'2','-1','-1','-1','-1','-1',2,0),(126,64,'6','5','-1','-1','-1','-1',16,0),(127,65,'7','-1','-1','-1','-1','-1',8,0),(128,66,'8','8','9','9','8','8',8,0),(129,67,'7','-1','-1','-1','-1','-1',16,0),(130,68,'7','5','3','-1','-1','-1',1,0),(131,69,'12','12','3','3','-1','-1',1,0),(132,70,'5','5','-1','-1','-1','-1',8,0),(134,70,'-1','-1','-1','-1','5','5',8,0),(135,70,'-1','-1','-1','-1','-1','-1',2,1),(136,70,'-1','-1','-1','-1','-1','-1',1,2),(137,70,'-1','-1','-1','-1','-1','-1',8,3),(146,71,'7','7','7','7','4','4',16,0),(147,71,'-1','-1','-1','-1','-1','10',1,1),(148,71,'-1','-1','-1','-1','11','10',8,2),(149,71,'-1','-1','-1','-1','-1','-1',8,3),(159,72,'-1','-1','-1','-1','-1','2',1,0),(160,72,'1','-1','-1','-1','-1','-1',16,1),(161,72,'-1','-1','-1','-1','-1','1',1,2),(162,72,'-1','-1','-1','-1','-1','6',16,3),(163,72,'-1','-1','-1','-1','-1','-1',16,4),(169,74,'0','1','2','3','4','5',1,0),(170,74,'-1','-1','-1','3','3','1',2,1),(171,74,'-1','-1','-1','4','4','2',16,2),(172,74,'-1','-1','-1','-1','-1','-1',8,3),(173,74,'-1','-1','-1','-1','-1','-1',16,4),(176,76,'7','7','6','6','5','5',2,0),(177,76,'3','5','5','-1','-1','-1',2,1),(194,8,'3','3','3','2','1','1',1,0),(195,8,'2','4','4','3','2','2',2,1),(196,8,'-1','-1','-1','-1','-1','-1',1,2),(200,75,'-1','-1','-1','3','3','1',1,0),(201,75,'-1','-1','-1','5','5','3',1,1),(202,75,'-1','-1','-1','-1','-1','-1',1,2),(204,77,'-1','-1','-1','3','2','1',1,0),(205,77,'-1','-1','-1','-1','-1','-1',2,1),(206,77,'-1','-1','-1','-1','-1','-1',1,2),(207,73,'-1','-1','-1','5','5','3',8,0),(208,73,'-1','-1','-1','-1','-1','-1',2,1),(209,73,'-1','-1','-1','-1','-1','-1',1,2),(210,73,'-1','-1','-1','-1','-1','-1',8,3),(216,78,'3','5','5','-1','-1','-1',8,0),(217,78,'-1','-1','-1','-1','-1','-1',2,1),(218,78,'-1','-1','-1','9','9','7',16,2),(219,78,'-1','-1','-1','-1','-1','-1',8,3),(220,78,'-1','-1','-1','-1','-1','-1',16,4),(226,79,'2','4','4','-1','-1','-1',8,0),(227,79,'-1','-1','-1','-1','-1','-1',2,1),(228,79,'-1','-1','-1','-1','-1','5',8,2),(229,79,'-1','-1','-1','-1','-1','-1',8,3),(235,80,'-1','-1','-1','5','5','3',8,0),(236,80,'-1','-1','-1','-1','-1','-1',2,1),(237,80,'-1','-1','-1','8','8','6',8,2),(238,80,'-1','-1','-1','-1','-1','-1',8,3),(250,81,'-1','-1','-1','3','3','1',8,0),(251,81,'-1','-1','-1','7','7','5',1,1),(252,81,'-1','-1','-1','-1','-1','-1',1,2),(253,81,'-1','-1','-1','3','3','1',16,3),(255,82,'-1','-1','-1','-1','-1','3',1,0),(256,82,'-1','-1','-1','-1','-1','-1',2,1),(257,82,'-1','-1','-1','-1','-1','-1',1,2),(277,83,'4','6','6','-1','-1','-1',8,0),(278,83,'-1','-1','-1','-1','-1','-1',8,1),(279,83,'-1','-1','-1','-1','-1','-1',1,2),(280,83,'-1','-1','-1','-1','-1','-1',8,3),(281,83,'-1','-1','-1','-1','-1','-1',16,4),(282,83,'-1','-1','-1','-1','-1','-1',16,5),(283,83,'-1','-1','-1','-1','-1','-1',8,6),(284,83,'-1','-1','-1','-1','-1','-1',16,6),(285,83,'-1','-1','-1','-1','-1','-1',8,6),(287,84,'-1','-1','-1','3','3','1',8,0),(288,84,'-1','-1','-1','-1','-1','-1',2,1),(289,84,'5','7','7','-1','-1','-1',1,2),(290,84,'-1','-1','-1','-1','-1','-1',8,3),(292,85,'-1','3','3','-1','-1','-1',1,0),(293,85,'-1','-1','-1','-1','-1','-1',2,1),(294,85,'-1','-1','-1','-1','-1','-1',1,2),(300,86,'-1','6','6','-1','-1','-1',8,0),(301,86,'-1','9','9','-1','-1','-1',1,1),(302,86,'-1','-1','-1','-1','-1','-1',1,2),(303,86,'-1','5','5','-1','-1','-1',1,3),(304,86,'-1','11','11','-1','-1','-1',8,3),(315,87,'4','6','6','-1','-1','-1',8,0),(316,87,'7','9','9','-1','-1','-1',1,1),(317,87,'-1','-1','-1','-1','-1','-1',1,2),(318,87,'9','11','11','-1','-1','-1',16,3),(319,87,'-1','-1','-1','-1','-1','-1',16,4),(320,87,'9','11','11','-1','-1','-1',8,5),(330,88,'1','-1','-1','-1','-1','1',1,0),(331,88,'2','-1','-1','-1','2','2',8,1),(332,88,'4','4','-1','-1','-1','4',1,2),(333,88,'5','-1','-1','-1','-1','5',8,3),(334,88,'3','-1','-1','-1','-1','3',8,4),(335,88,'12','-1','-1','-1','-1','12',8,5),(336,89,'-1','-1','-1','-1','-1','-1',4,0),(337,90,'-1','-1','-1','-1','-1','-1',4,0),(338,91,'-1','-1','-1','-1','-1','-1',4,0),(339,92,'-1','-1','-1','-1','-1','-1',4,0),(340,93,'-1','-1','-1','-1','-1','-1',4,0),(341,94,'-1','-1','-1','-1','-1','-1',4,0),(342,95,'1','3','3','-1','-1','-1',4,0),(343,96,'8','10','10','-1','-1','-1',4,0),(344,97,'3','5','5','-1','-1','-1',4,0),(345,98,'-1','-1','-1','-1','-1','-1',4,0),(346,99,'-1','-1','-1','-1','-1','-1',4,0),(347,100,'-1','-1','-1','-1','-1','-1',4,0),(348,101,'-1','-1','-1','-1','-1','-1',4,0),(349,102,'-1','-1','-1','-1','-1','-1',4,0),(350,103,'-1','-1','-1','-1','-1','-1',4,0),(351,104,'-1','-1','-1','-1','-1','-1',4,0),(352,105,'-1','-1','-1','-1','-1','-1',4,0),(353,106,'-1','-1','-1','-1','-1','-1',4,0),(354,107,'-1','-1','-1','-1','-1','-1',4,0),(355,108,'-1','-1','-1','-1','-1','-1',4,0),(356,109,'-1','-1','-1','-1','-1','-1',4,0),(357,110,'-1','-1','-1','-1','-1','-1',4,0),(358,111,'-1','-1','-1','-1','-1','-1',4,0),(359,112,'-1','-1','-1','-1','-1','-1',4,0),(407,113,'2','2','-1','-1','-1','-1',16,0),(408,113,'-1','-1','-1','-1','-1','-1',16,1),(409,113,'-1','-1','-1','-1','-1','-1',16,2),(410,113,'-1','-1','-1','-1','-1','-1',8,3),(411,113,'-1','-1','-1','-1','-1','-1',16,4),(412,113,'-1','-1','-1','-1','-1','-1',16,5),(413,113,'-1','-1','-1','-1','-1','-1',8,6),(414,113,'-1','-1','-1','-1','-1','-1',16,7),(415,113,'-1','-1','-1','-1','-1','-1',16,8),(416,113,'-1','-1','-1','-1','-1','-1',8,9),(417,113,'-1','-1','-1','-1','-1','-1',16,10),(418,113,'-1','-1','-1','-1','-1','-1',8,11),(419,113,'-1','-1','-1','-1','-1','-1',16,11),(420,113,'-1','-1','-1','-1','-1','-1',1,11),(429,114,'6','-1','-1','-1','-1','-1',8,0),(430,114,'-1','-1','-1','-1','-1','-1',8,1),(431,114,'8','-1','-1','-1','-1','-1',16,2),(432,114,'-1','-1','-1','-1','-1','-1',8,3),(433,114,'-1','-1','-1','-1','-1','-1',16,4),(434,114,'8','-1','-1','-1','-1','-1',1,5),(460,115,'6','6','-1','-1','-1','-1',16,0),(461,115,'1','-1','-1','-1','-1','-1',8,1),(462,115,'2','-1','-1','-1','-1','-1',16,2),(463,115,'7','-1','-1','-1','-1','-1',8,3),(464,115,'-1','-1','-1','-1','-1','-1',8,4),(465,115,'-1','-1','-1','-1','-1','-1',1,5),(466,115,'-1','-1','-1','-1','-1','-1',8,6),(467,115,'8','-1','-1','-1','-1','-1',16,7),(468,115,'9','-1','-1','-1','-1','-1',8,8),(469,115,'10','-1','-1','-1','-1','-1',16,9),(476,116,'0','2','2','-1','-1','-1',1,0),(477,116,'0','2','2','-1','-1','-1',1,1),(478,116,'0','2','2','-1','-1','-1',1,2),(479,116,'0','2','2','-1','-1','-1',1,3),(483,117,'3','5','5','-1','-1','-1',1,0),(484,117,'3','5','5','-1','-1','-1',1,1),(485,117,'3','5','5','-1','-1','-1',1,2),(486,117,'3','5','5','-1','-1','-1',1,3),(490,118,'0','2','2','-1','-1','-1',1,0),(491,118,'0','2','2','-1','-1','-1',1,1),(492,118,'0','2','2','-1','-1','-1',1,2),(493,118,'0','2','2','-1','-1','-1',1,3),(494,119,'-1','-1','-1','-1','-1','-1',4,0),(496,121,'4','6','6','-1','-1','-1',4,0),(497,122,'1','3','3','-1','-1','-1',4,0),(498,120,'1','3','3','-1','-1','-1',4,0),(499,120,'1','3','3','-1','-1','-1',2,1);
/*!40000 ALTER TABLE `Chords` ENABLE KEYS */;
UNLOCK TABLES;

--
-- Table structure for table `Compositions`
--

DROP TABLE IF EXISTS `Compositions`;
/*!40101 SET @saved_cs_client     = @@character_set_client */;
/*!50503 SET character_set_client = utf8mb4 */;
CREATE TABLE `Compositions` (
  `id` int NOT NULL AUTO_INCREMENT,
  `title` varchar(255) NOT NULL,
  `composer` varchar(255) DEFAULT NULL,
  `time` timestamp NULL DEFAULT CURRENT_TIMESTAMP,
  `note_value` int DEFAULT NULL,
  `num_note_values_per_measure` int DEFAULT NULL,
  PRIMARY KEY (`id`)
) ENGINE=InnoDB AUTO_INCREMENT=33 DEFAULT CHARSET=utf8mb4 COLLATE=utf8mb4_0900_ai_ci;
/*!40101 SET character_set_client = @saved_cs_client */;

--
-- Dumping data for table `Compositions`
--

LOCK TABLES `Compositions` WRITE;
/*!40000 ALTER TABLE `Compositions` DISABLE KEYS */;
INSERT INTO `Compositions` VALUES (1,'Title','Name','2024-09-02 16:00:00',4,4),(3,'test','testname','2024-09-02 16:00:00',4,4),(4,'test2','testname2','2024-09-02 16:00:00',4,4),(5,'New song','Name','2024-09-26 21:42:13',4,4),(6,'New song','Name','2024-09-26 21:59:08',4,4),(7,'New song','Name','2024-09-26 21:59:37',4,4),(8,'New song','Name','2024-09-26 22:01:39',4,4),(9,'New song','Name','2024-09-26 22:06:46',4,4),(10,'New song','Name','2024-09-26 23:07:23',4,4),(11,'New song','Name','2024-09-26 23:20:20',4,4),(12,'New song','Name','2024-09-26 23:24:36',4,4),(13,'New song','Name','2024-09-26 23:25:53',4,4),(14,'New song','Name','2024-09-26 23:27:42',4,4),(15,'New song','Name','2024-09-26 23:35:27',4,4),(16,'New song','Name','2024-09-26 23:38:36',4,4),(17,'New song','Name','2024-09-26 23:41:54',4,4),(18,'New song','Name','2024-09-26 23:44:23',4,4),(19,'New song','Name','2024-09-26 23:44:47',4,4),(20,'New song','Name','2024-09-26 23:46:34',4,4),(21,'New song','Name','2024-09-26 23:53:49',4,4),(22,'New song','Name','2024-09-26 23:57:28',4,4),(23,'New song','Name','2024-09-26 23:58:26',4,4),(24,'New song','Name','2024-09-27 01:14:22',4,4),(25,'New song','Name','2024-09-27 01:19:18',4,4),(26,'New song','Name','2024-09-27 01:21:20',4,4),(27,'New song','Name','2024-09-27 01:44:19',4,4),(28,'New song','Name','2024-09-27 01:50:33',4,4),(29,'New song','Name','2024-09-27 01:55:48',4,4),(30,'New song','Name','2024-09-27 02:04:48',4,4),(31,'New song','Name','2024-09-27 02:12:29',4,4),(32,'New song','Name','2024-10-10 15:52:41',4,4);
/*!40000 ALTER TABLE `Compositions` ENABLE KEYS */;
UNLOCK TABLES;

--
-- Table structure for table `Measures`
--

DROP TABLE IF EXISTS `Measures`;
/*!40101 SET @saved_cs_client     = @@character_set_client */;
/*!50503 SET character_set_client = utf8mb4 */;
CREATE TABLE `Measures` (
  `id` int NOT NULL AUTO_INCREMENT,
  `composition_id` int NOT NULL,
  `measure_number` int NOT NULL,
  PRIMARY KEY (`id`),
  KEY `composition_id` (`composition_id`),
  CONSTRAINT `measures_ibfk_1` FOREIGN KEY (`composition_id`) REFERENCES `Compositions` (`id`)
) ENGINE=InnoDB AUTO_INCREMENT=123 DEFAULT CHARSET=utf8mb4 COLLATE=utf8mb4_0900_ai_ci;
/*!40101 SET character_set_client = @saved_cs_client */;

--
-- Dumping data for table `Measures`
--

LOCK TABLES `Measures` WRITE;
/*!40000 ALTER TABLE `Measures` DISABLE KEYS */;
INSERT INTO `Measures` VALUES (8,1,0),(9,1,1),(10,1,2),(11,1,3),(12,1,4),(13,1,5),(15,3,0),(16,1,6),(17,1,7),(18,1,8),(19,1,9),(20,1,10),(21,1,11),(22,1,12),(23,1,13),(24,1,14),(25,1,15),(26,1,16),(27,1,17),(28,1,18),(29,1,19),(30,1,20),(31,1,21),(32,1,22),(33,1,23),(34,1,24),(35,1,25),(36,1,26),(37,1,27),(38,1,28),(39,1,29),(40,1,30),(41,1,31),(42,1,32),(43,1,33),(44,1,34),(45,1,35),(46,1,36),(47,1,37),(48,1,38),(49,3,1),(50,1,39),(51,1,40),(52,1,41),(53,1,2),(54,3,2),(55,3,3),(56,3,4),(57,3,5),(58,3,6),(59,3,7),(60,3,8),(61,3,9),(62,3,10),(63,3,11),(64,3,12),(65,3,13),(66,3,14),(67,3,15),(68,3,16),(69,3,17),(70,3,18),(71,3,19),(72,3,20),(73,6,1),(74,7,1),(75,8,1),(76,9,1),(77,10,1),(78,11,1),(79,12,1),(80,13,1),(81,14,1),(82,15,1),(83,16,1),(84,17,1),(85,18,1),(86,19,1),(87,20,1),(88,21,1),(89,22,1),(90,22,2),(91,22,3),(92,22,4),(93,22,5),(94,22,6),(95,23,1),(96,23,2),(97,23,3),(98,23,4),(99,23,5),(100,24,1),(101,24,2),(102,24,3),(103,24,4),(104,25,1),(105,25,2),(106,25,3),(107,26,1),(108,26,2),(109,26,3),(110,27,1),(111,27,2),(112,27,3),(113,28,1),(114,29,1),(115,30,1),(116,31,1),(117,31,2),(118,31,3),(119,31,4),(120,32,1),(121,32,2),(122,32,3);
/*!40000 ALTER TABLE `Measures` ENABLE KEYS */;
UNLOCK TABLES;

--
-- Table structure for table `test`
--

DROP TABLE IF EXISTS `test`;
/*!40101 SET @saved_cs_client     = @@character_set_client */;
/*!50503 SET character_set_client = utf8mb4 */;
CREATE TABLE `test` (
  `var` int NOT NULL AUTO_INCREMENT,
  `col` int DEFAULT NULL,
  PRIMARY KEY (`var`)
) ENGINE=InnoDB AUTO_INCREMENT=577 DEFAULT CHARSET=utf8mb4 COLLATE=utf8mb4_0900_ai_ci;
/*!40101 SET character_set_client = @saved_cs_client */;

--
-- Dumping data for table `test`
--

LOCK TABLES `test` WRITE;
/*!40000 ALTER TABLE `test` DISABLE KEYS */;
INSERT INTO `test` VALUES (1,1),(2,2),(3,5),(4,50),(5,50),(6,50),(7,1),(8,2),(9,3),(10,4),(11,5),(12,6),(13,7),(14,8),(15,9),(16,10),(17,11),(18,12),(19,13),(20,14),(21,15),(22,0),(23,1),(24,1),(25,2),(26,3),(27,4),(28,5),(29,6),(30,7),(31,8),(32,1),(33,2),(34,3),(35,4),(36,5),(100,25),(101,1),(102,2),(103,3),(104,4),(105,1),(106,2),(107,3),(108,1),(109,2),(110,1),(111,2),(112,3),(113,1),(114,2),(115,3),(116,1),(117,2),(118,1),(119,2),(120,3),(121,4),(122,1),(123,2),(124,1),(125,2),(126,3),(127,1),(128,2),(129,3),(130,4),(131,5),(132,6),(133,7),(134,8),(135,1),(136,2),(137,1),(138,2),(139,1),(140,2),(141,3),(142,4),(143,1),(144,2),(145,3),(146,4),(147,5),(148,6),(149,7),(150,1),(151,2),(152,1),(153,2),(154,3),(155,4),(156,5),(157,6),(158,1),(159,2),(160,3),(161,1),(162,1),(163,2),(164,3),(165,1),(166,1),(167,2),(168,3),(169,4),(170,1),(171,2),(172,3),(173,4),(174,1),(175,1),(176,2),(177,1),(178,1),(179,1),(180,2),(181,3),(182,4),(183,5),(184,1),(185,2),(186,3),(187,1),(188,2),(189,3),(190,4),(191,1),(192,2),(193,1),(194,2),(195,1),(196,1),(197,2),(198,3),(199,4),(200,5),(201,1),(202,2),(203,1),(204,2),(205,1),(206,2),(207,3),(208,1),(209,1),(210,2),(211,1),(212,2),(213,3),(214,1),(215,2),(216,3),(217,4),(218,5),(219,1),(220,2),(221,1),(222,2),(223,3),(224,1),(225,2),(226,3),(227,1),(228,2),(229,3),(230,4),(231,1),(232,2),(233,1),(234,1),(235,2),(236,1),(237,1),(238,2),(239,3),(240,4),(241,5),(242,6),(243,1),(244,2),(245,3),(246,4),(247,1),(248,2),(249,3),(250,4),(251,5),(252,1),(253,2),(254,3),(255,1),(256,2),(257,3),(258,1),(259,2),(260,3),(261,4),(262,1),(263,2),(264,3),(265,4),(266,1),(267,2),(268,3),(269,4),(270,5),(271,6),(272,1),(273,2),(274,1),(275,2),(276,3),(277,4),(278,1),(279,2),(280,3),(281,1),(282,2),(283,3),(284,1),(285,2),(286,1),(287,2),(288,1),(289,2),(290,3),(291,4),(292,5),(293,6),(294,1),(295,2),(296,3),(297,1),(298,2),(299,3),(300,4),(301,5),(302,6),(303,7),(304,1),(305,2),(306,1),(307,2),(308,3),(309,1),(310,2),(311,1),(312,2),(313,3),(314,4),(315,5),(316,6),(317,7),(318,1),(319,2),(320,3),(321,1),(322,2),(323,3),(324,4),(325,5),(326,1),(327,2),(328,3),(329,1),(330,2),(331,1),(332,2),(333,3),(334,4),(335,5),(336,6),(337,1),(338,2),(339,1),(340,2),(341,3),(342,1),(343,2),(344,3),(345,4),(346,1),(347,2),(348,3),(349,4),(350,5),(351,6),(352,1),(353,2),(354,1),(355,2),(356,3),(357,1),(358,2),(359,1),(360,2),(361,3),(362,4),(363,5),(364,6),(365,7),(366,8),(367,9),(368,10),(369,11),(370,1),(371,2),(372,1),(373,2),(374,1),(375,2),(376,1),(377,2),(378,1),(379,2),(380,3),(381,4),(382,1),(383,2),(384,1),(385,2),(386,1),(387,2),(388,3),(389,1),(390,2),(391,3),(392,4),(393,5),(394,6),(395,7),(396,8),(397,9),(398,10),(399,11),(400,12),(401,13),(402,14),(403,15),(404,1),(405,2),(406,3),(407,4),(408,5),(409,6),(410,7),(411,1),(412,2),(413,1),(414,2),(415,3),(416,4),(417,5),(418,6),(419,1),(420,2),(421,3),(422,4),(423,5),(424,6),(425,7),(426,1),(427,2),(428,1),(429,1),(430,2),(431,1),(432,1),(433,2),(434,1),(435,1),(436,2),(437,3),(438,1),(439,2),(440,3),(441,1),(442,2),(443,1),(444,1),(445,2),(446,1),(447,2),(448,3),(449,4),(450,5),(451,1),(452,2),(453,1),(454,2),(455,1),(456,2),(457,3),(458,4),(459,1),(460,1),(461,2),(462,3),(463,4),(464,5),(465,6),(466,7),(467,8),(468,9),(469,10),(470,1),(471,2),(472,1),(473,2),(474,3),(475,1),(476,1),(477,2),(478,3),(479,4),(480,5),(481,6),(482,1),(483,2),(484,3),(485,1),(486,2),(487,3),(488,4),(489,1),(490,1),(491,1),(492,1),(493,2),(494,1),(495,2),(496,1),(497,1),(498,2),(499,1),(500,1),(501,1),(502,1),(503,2),(504,1),(505,2),(506,3),(507,4),(508,5),(509,6),(510,7),(511,1),(512,1),(513,2),(514,1),(515,2),(516,3),(517,4),(518,5),(519,1),(520,2),(521,3),(522,4),(523,1),(524,2),(525,1),(526,1),(527,1),(528,2),(529,1),(530,2),(531,3),(532,1),(533,2),(534,1),(535,2),(536,3),(537,1),(538,2),(539,1),(540,1),(541,1),(542,2),(543,3),(544,1),(545,1),(546,2),(547,3),(548,4),(549,5),(550,6),(551,7),(552,8),(553,9),(554,10),(555,11),(556,12),(557,13),(558,1),(559,2),(560,3),(561,1),(562,2),(563,3),(564,4),(565,1),(566,2),(567,1),(568,1),(569,1),(570,1),(571,1),(572,1),(573,2),(574,1),(575,1),(576,2);
/*!40000 ALTER TABLE `test` ENABLE KEYS */;
UNLOCK TABLES;
/*!40103 SET TIME_ZONE=@OLD_TIME_ZONE */;

/*!40101 SET SQL_MODE=@OLD_SQL_MODE */;
/*!40014 SET FOREIGN_KEY_CHECKS=@OLD_FOREIGN_KEY_CHECKS */;
/*!40014 SET UNIQUE_CHECKS=@OLD_UNIQUE_CHECKS */;
/*!40101 SET CHARACTER_SET_CLIENT=@OLD_CHARACTER_SET_CLIENT */;
/*!40101 SET CHARACTER_SET_RESULTS=@OLD_CHARACTER_SET_RESULTS */;
/*!40101 SET COLLATION_CONNECTION=@OLD_COLLATION_CONNECTION */;
/*!40111 SET SQL_NOTES=@OLD_SQL_NOTES */;

-- Dump completed on 2024-10-16  2:54:08
