-- MySQL dump 10.13  Distrib 8.0.30, for macos12 (arm64)
--
-- Host: localhost    Database: info
-- ------------------------------------------------------
-- Server version	8.0.30

/*!40101 SET @OLD_CHARACTER_SET_CLIENT=@@CHARACTER_SET_CLIENT */;
/*!40101 SET @OLD_CHARACTER_SET_RESULTS=@@CHARACTER_SET_RESULTS */;
/*!40101 SET @OLD_COLLATION_CONNECTION=@@COLLATION_CONNECTION */;
/*!50503 SET NAMES utf8mb4 */;
/*!40103 SET @OLD_TIME_ZONE=@@TIME_ZONE */;
/*!40103 SET TIME_ZONE='+00:00' */;
/*!40014 SET @OLD_UNIQUE_CHECKS=@@UNIQUE_CHECKS, UNIQUE_CHECKS=0 */;
/*!40014 SET @OLD_FOREIGN_KEY_CHECKS=@@FOREIGN_KEY_CHECKS, FOREIGN_KEY_CHECKS=0 */;
/*!40101 SET @OLD_SQL_MODE=@@SQL_MODE, SQL_MODE='NO_AUTO_VALUE_ON_ZERO' */;
/*!40111 SET @OLD_SQL_NOTES=@@SQL_NOTES, SQL_NOTES=0 */;

--
-- Table structure for table `Chords`
--

DROP TABLE IF EXISTS `Chords`;
/*!40101 SET @saved_cs_client     = @@character_set_client */;
/*!50503 SET character_set_client = utf8mb4 */;
CREATE TABLE `Chords` (
  `id` int NOT NULL AUTO_INCREMENT,
  `measure_id` int NOT NULL,
  `low_e_string` varchar(10) DEFAULT NULL,
  `a_string` varchar(10) DEFAULT NULL,
  `d_string` varchar(10) DEFAULT NULL,
  `g_string` varchar(10) DEFAULT NULL,
  `b_string` varchar(10) DEFAULT NULL,
  `high_e_string` varchar(10) DEFAULT NULL,
  `duration` int DEFAULT NULL,
  `chord_number` int DEFAULT NULL,
  PRIMARY KEY (`id`),
  KEY `measure_id` (`measure_id`),
  CONSTRAINT `chords_ibfk_1` FOREIGN KEY (`measure_id`) REFERENCES `Measures` (`id`)
) ENGINE=InnoDB AUTO_INCREMENT=55 DEFAULT CHARSET=utf8mb4 COLLATE=utf8mb4_0900_ai_ci;
/*!40101 SET character_set_client = @saved_cs_client */;

--
-- Dumping data for table `Chords`
--

LOCK TABLES `Chords` WRITE;
/*!40000 ALTER TABLE `Chords` DISABLE KEYS */;
INSERT INTO `Chords` VALUES (3,3,'1','3','3','-1','-1','-1',4,0),(4,4,'1','3','3','-1','-1','-1',4,0),(5,5,'-1','-1','-1','-1','-1','-1',4,0),(6,6,'-1','-1','-1','-1','-1','-1',4,0),(7,7,'-1','-1','-1','-1','-1','-1',4,0),(11,1,'0','2','2','-1','-1','-1',1,0),(12,1,'1','3','3','-1','-1','-1',8,1),(13,1,'-1','-1','-1','-1','-1','-1',1,2),(14,1,'-1','-1','-1','-1','-1','-1',8,3),(15,1,'7','9','9','-1','-1','-1',1,4),(16,2,'-2','5','5','5','-1','-1',1,0),(17,2,'1','3','3','-1','-1','-1',2,1),(18,2,'-1','-1','-1','-1','-1','-1',1,2),(19,8,'1','3','3','-1','-1','-1',4,0),(21,10,'-1','-1','-1','-1','-1','-1',4,0),(22,11,'-1','-1','-1','-1','-1','-1',4,0),(23,12,'-1','-1','-1','-1','-1','-1',4,0),(24,13,'-1','-1','-1','-1','-1','-1',4,0),(25,14,'-1','-1','-1','-1','-1','-1',4,0),(26,15,'-1','-1','-1','-1','-1','-1',4,0),(27,16,'-1','-1','-1','-1','-1','-1',4,0),(28,17,'-1','-1','-1','-1','-1','-1',4,0),(29,18,'-1','-1','-1','-1','-1','-1',4,0),(31,20,'-1','-1','-1','-1','-1','-1',4,0),(32,9,'1','3','3','-1','-1','-1',2,0),(33,9,'1','3','3','-1','-1','-1',2,1),(34,19,'5','7','7','-1','-1','-1',1,0),(35,19,'10','11','11','-1','-1','-1',2,1),(36,19,'1','3','3','-1','-1','-1',1,2),(37,21,'-1','-1','-1','-1','-1','-1',4,0),(38,22,'-1','-1','-1','-1','-1','-1',4,0),(40,23,'1','3','3','-1','-1','-1',2,0),(41,23,'1','3','3','-1','-1','-1',2,1),(43,24,'10','5','7','7','-1','-1',1,0),(44,24,'-1','5','7','7','-1','-1',2,1),(45,24,'-1','5','7','7','-1','-1',1,2),(46,25,'-1','-1','-1','-1','-1','-1',4,0),(51,26,'4','6','6','4','4','4',1,0),(52,26,'2','4','4','3','2','2',1,1),(53,26,'6','8','8','7','6','6',1,2),(54,26,'2','4','4','3','2','2',1,3);
/*!40000 ALTER TABLE `Chords` ENABLE KEYS */;
UNLOCK TABLES;

--
-- Table structure for table `Compositions`
--

DROP TABLE IF EXISTS `Compositions`;
/*!40101 SET @saved_cs_client     = @@character_set_client */;
/*!50503 SET character_set_client = utf8mb4 */;
CREATE TABLE `Compositions` (
  `id` int NOT NULL AUTO_INCREMENT,
  `title` varchar(255) NOT NULL,
  `composer` varchar(255) DEFAULT NULL,
  `time` timestamp NULL DEFAULT CURRENT_TIMESTAMP,
  `note_value` int DEFAULT NULL,
  `num_note_values_per_measure` int DEFAULT NULL,
  PRIMARY KEY (`id`)
) ENGINE=InnoDB AUTO_INCREMENT=18 DEFAULT CHARSET=utf8mb4 COLLATE=utf8mb4_0900_ai_ci;
/*!40101 SET character_set_client = @saved_cs_client */;

--
-- Dumping data for table `Compositions`
--

LOCK TABLES `Compositions` WRITE;
/*!40000 ALTER TABLE `Compositions` DISABLE KEYS */;
INSERT INTO `Compositions` VALUES (1,'New song','Name','2024-10-16 07:08:12',4,4),(2,'New song','Name','2024-10-16 07:19:36',4,4),(3,'New song','Name','2024-11-11 19:49:55',4,4),(4,'New song','Name','2024-11-11 20:12:46',4,4),(5,'New song','Name','2024-11-11 20:16:20',4,4),(6,'New song','Name','2024-11-11 20:20:47',4,4),(7,'New song','Name','2024-11-11 20:42:28',4,4),(8,'New song','Name','2024-11-11 20:43:50',4,4),(9,'new song','composer','2024-11-11 20:48:40',4,4),(10,'new!','evan','2024-11-11 20:50:09',4,4),(11,'new!','evan','2024-11-11 20:50:12',4,4),(12,'new! 2','evan','2024-11-11 20:50:22',4,4),(13,'hello','me','2024-11-11 20:53:11',4,4),(14,'hello2','me','2024-11-11 20:54:11',4,4),(15,'hello3','me','2024-11-11 20:54:33',4,4),(16,'test','a','2024-11-11 23:32:39',4,4),(17,'abc','me','2024-11-11 23:51:08',4,4);
/*!40000 ALTER TABLE `Compositions` ENABLE KEYS */;
UNLOCK TABLES;

--
-- Table structure for table `Measures`
--

DROP TABLE IF EXISTS `Measures`;
/*!40101 SET @saved_cs_client     = @@character_set_client */;
/*!50503 SET character_set_client = utf8mb4 */;
CREATE TABLE `Measures` (
  `id` int NOT NULL AUTO_INCREMENT,
  `composition_id` int NOT NULL,
  `measure_number` int NOT NULL,
  PRIMARY KEY (`id`),
  KEY `composition_id` (`composition_id`),
  CONSTRAINT `measures_ibfk_1` FOREIGN KEY (`composition_id`) REFERENCES `Compositions` (`id`)
) ENGINE=InnoDB AUTO_INCREMENT=27 DEFAULT CHARSET=utf8mb4 COLLATE=utf8mb4_0900_ai_ci;
/*!40101 SET character_set_client = @saved_cs_client */;

--
-- Dumping data for table `Measures`
--

LOCK TABLES `Measures` WRITE;
/*!40000 ALTER TABLE `Measures` DISABLE KEYS */;
INSERT INTO `Measures` VALUES (1,1,1),(2,1,2),(3,1,3),(4,1,4),(5,1,5),(6,1,6),(7,1,7),(8,2,1),(9,3,1),(10,4,1),(11,5,1),(12,6,1),(13,7,1),(14,8,1),(15,9,1),(16,10,1),(17,11,1),(18,12,1),(19,3,2),(20,3,3),(21,13,1),(22,14,1),(23,15,1),(24,15,2),(25,16,1),(26,17,1);
/*!40000 ALTER TABLE `Measures` ENABLE KEYS */;
UNLOCK TABLES;

--
-- Table structure for table `test`
--

DROP TABLE IF EXISTS `test`;
/*!40101 SET @saved_cs_client     = @@character_set_client */;
/*!50503 SET character_set_client = utf8mb4 */;
CREATE TABLE `test` (
  `var` int NOT NULL AUTO_INCREMENT,
  `col` int DEFAULT NULL,
  PRIMARY KEY (`var`)
) ENGINE=InnoDB AUTO_INCREMENT=577 DEFAULT CHARSET=utf8mb4 COLLATE=utf8mb4_0900_ai_ci;
/*!40101 SET character_set_client = @saved_cs_client */;

--
-- Dumping data for table `test`
--

LOCK TABLES `test` WRITE;
/*!40000 ALTER TABLE `test` DISABLE KEYS */;
INSERT INTO `test` VALUES (1,1),(2,2),(3,5),(4,50),(5,50),(6,50),(7,1),(8,2),(9,3),(10,4),(11,5),(12,6),(13,7),(14,8),(15,9),(16,10),(17,11),(18,12),(19,13),(20,14),(21,15),(22,0),(23,1),(24,1),(25,2),(26,3),(27,4),(28,5),(29,6),(30,7),(31,8),(32,1),(33,2),(34,3),(35,4),(36,5),(100,25),(101,1),(102,2),(103,3),(104,4),(105,1),(106,2),(107,3),(108,1),(109,2),(110,1),(111,2),(112,3),(113,1),(114,2),(115,3),(116,1),(117,2),(118,1),(119,2),(120,3),(121,4),(122,1),(123,2),(124,1),(125,2),(126,3),(127,1),(128,2),(129,3),(130,4),(131,5),(132,6),(133,7),(134,8),(135,1),(136,2),(137,1),(138,2),(139,1),(140,2),(141,3),(142,4),(143,1),(144,2),(145,3),(146,4),(147,5),(148,6),(149,7),(150,1),(151,2),(152,1),(153,2),(154,3),(155,4),(156,5),(157,6),(158,1),(159,2),(160,3),(161,1),(162,1),(163,2),(164,3),(165,1),(166,1),(167,2),(168,3),(169,4),(170,1),(171,2),(172,3),(173,4),(174,1),(175,1),(176,2),(177,1),(178,1),(179,1),(180,2),(181,3),(182,4),(183,5),(184,1),(185,2),(186,3),(187,1),(188,2),(189,3),(190,4),(191,1),(192,2),(193,1),(194,2),(195,1),(196,1),(197,2),(198,3),(199,4),(200,5),(201,1),(202,2),(203,1),(204,2),(205,1),(206,2),(207,3),(208,1),(209,1),(210,2),(211,1),(212,2),(213,3),(214,1),(215,2),(216,3),(217,4),(218,5),(219,1),(220,2),(221,1),(222,2),(223,3),(224,1),(225,2),(226,3),(227,1),(228,2),(229,3),(230,4),(231,1),(232,2),(233,1),(234,1),(235,2),(236,1),(237,1),(238,2),(239,3),(240,4),(241,5),(242,6),(243,1),(244,2),(245,3),(246,4),(247,1),(248,2),(249,3),(250,4),(251,5),(252,1),(253,2),(254,3),(255,1),(256,2),(257,3),(258,1),(259,2),(260,3),(261,4),(262,1),(263,2),(264,3),(265,4),(266,1),(267,2),(268,3),(269,4),(270,5),(271,6),(272,1),(273,2),(274,1),(275,2),(276,3),(277,4),(278,1),(279,2),(280,3),(281,1),(282,2),(283,3),(284,1),(285,2),(286,1),(287,2),(288,1),(289,2),(290,3),(291,4),(292,5),(293,6),(294,1),(295,2),(296,3),(297,1),(298,2),(299,3),(300,4),(301,5),(302,6),(303,7),(304,1),(305,2),(306,1),(307,2),(308,3),(309,1),(310,2),(311,1),(312,2),(313,3),(314,4),(315,5),(316,6),(317,7),(318,1),(319,2),(320,3),(321,1),(322,2),(323,3),(324,4),(325,5),(326,1),(327,2),(328,3),(329,1),(330,2),(331,1),(332,2),(333,3),(334,4),(335,5),(336,6),(337,1),(338,2),(339,1),(340,2),(341,3),(342,1),(343,2),(344,3),(345,4),(346,1),(347,2),(348,3),(349,4),(350,5),(351,6),(352,1),(353,2),(354,1),(355,2),(356,3),(357,1),(358,2),(359,1),(360,2),(361,3),(362,4),(363,5),(364,6),(365,7),(366,8),(367,9),(368,10),(369,11),(370,1),(371,2),(372,1),(373,2),(374,1),(375,2),(376,1),(377,2),(378,1),(379,2),(380,3),(381,4),(382,1),(383,2),(384,1),(385,2),(386,1),(387,2),(388,3),(389,1),(390,2),(391,3),(392,4),(393,5),(394,6),(395,7),(396,8),(397,9),(398,10),(399,11),(400,12),(401,13),(402,14),(403,15),(404,1),(405,2),(406,3),(407,4),(408,5),(409,6),(410,7),(411,1),(412,2),(413,1),(414,2),(415,3),(416,4),(417,5),(418,6),(419,1),(420,2),(421,3),(422,4),(423,5),(424,6),(425,7),(426,1),(427,2),(428,1),(429,1),(430,2),(431,1),(432,1),(433,2),(434,1),(435,1),(436,2),(437,3),(438,1),(439,2),(440,3),(441,1),(442,2),(443,1),(444,1),(445,2),(446,1),(447,2),(448,3),(449,4),(450,5),(451,1),(452,2),(453,1),(454,2),(455,1),(456,2),(457,3),(458,4),(459,1),(460,1),(461,2),(462,3),(463,4),(464,5),(465,6),(466,7),(467,8),(468,9),(469,10),(470,1),(471,2),(472,1),(473,2),(474,3),(475,1),(476,1),(477,2),(478,3),(479,4),(480,5),(481,6),(482,1),(483,2),(484,3),(485,1),(486,2),(487,3),(488,4),(489,1),(490,1),(491,1),(492,1),(493,2),(494,1),(495,2),(496,1),(497,1),(498,2),(499,1),(500,1),(501,1),(502,1),(503,2),(504,1),(505,2),(506,3),(507,4),(508,5),(509,6),(510,7),(511,1),(512,1),(513,2),(514,1),(515,2),(516,3),(517,4),(518,5),(519,1),(520,2),(521,3),(522,4),(523,1),(524,2),(525,1),(526,1),(527,1),(528,2),(529,1),(530,2),(531,3),(532,1),(533,2),(534,1),(535,2),(536,3),(537,1),(538,2),(539,1),(540,1),(541,1),(542,2),(543,3),(544,1),(545,1),(546,2),(547,3),(548,4),(549,5),(550,6),(551,7),(552,8),(553,9),(554,10),(555,11),(556,12),(557,13),(558,1),(559,2),(560,3),(561,1),(562,2),(563,3),(564,4),(565,1),(566,2),(567,1),(568,1),(569,1),(570,1),(571,1),(572,1),(573,2),(574,1),(575,1),(576,2);
/*!40000 ALTER TABLE `test` ENABLE KEYS */;
UNLOCK TABLES;
/*!40103 SET TIME_ZONE=@OLD_TIME_ZONE */;

/*!40101 SET SQL_MODE=@OLD_SQL_MODE */;
/*!40014 SET FOREIGN_KEY_CHECKS=@OLD_FOREIGN_KEY_CHECKS */;
/*!40014 SET UNIQUE_CHECKS=@OLD_UNIQUE_CHECKS */;
/*!40101 SET CHARACTER_SET_CLIENT=@OLD_CHARACTER_SET_CLIENT */;
/*!40101 SET CHARACTER_SET_RESULTS=@OLD_CHARACTER_SET_RESULTS */;
/*!40101 SET COLLATION_CONNECTION=@OLD_COLLATION_CONNECTION */;
/*!40111 SET SQL_NOTES=@OLD_SQL_NOTES */;

-- Dump completed on 2024-11-13  1:08:30
